424,Fullcarga,EL RINCON DEL GUSTO MAIPU,CERRO BLANCO  #0625,MAIPU
940,Fullcarga,LALITO SN RAMON,URUGUAY  #1612,SAN RAMON
954,Fullcarga,LUIS ARAYA CARVAJAL,TAMARUGOS #3554,RENCA
1957,Fullcarga,DON ALEJO LO ESPEJO,AV. SANTA ANITA  #7666,LO ESPEJO
3256,Fullcarga,LOS PEQUES SN JOAQUIN,CHILOE #264,SAN JOAQUIN
3316,Fullcarga,NISSY LA PINTANA,JOAQUIN EDWARDS BELLO  #10999,LA PINTANA
10214,Fullcarga,BERTA ALBINA FARIAS LIZAMA,DIONISIO  #1058,RENCA
10346,Fullcarga,GASTON DAVID,AV. BEAUCHEFF  #1771,SANTIAGO
10347,Fullcarga,DON ORLANDO RENCA,ARTURO PRAT  #5725 DPTO 11,RENCA
10489,Fullcarga,NOLBERTO VALDES NAVARRO,CALLE 462  #5994,PENALOLEN
10767,Fullcarga,BAZAR LA KUKA,AV. RECOLETA 4021 #0,RECOLETA
11278,Fullcarga,SUPER OFERTAS SANTIAGO,CARMEN  #2263 - A,SANTIAGO
11352,Fullcarga,LICORES JUAN INAREJO,GONZALO BULNES #2302,QUINTA NORMAL
11730,Fullcarga,FERRADA GONZALEZ JOSEFINA,CALLE JOSE MIGUEL CARRERA  #1001,LA FLORIDA
12212,Fullcarga,SOMOS,TALINAY  #9753,LA REINA
12547,Fullcarga,JOSE MANUEL NAVARRETE OSSES,"RIVERA	 #179",INDEPENDENCIA
14629,Fullcarga,ALMACEN GERUDA LO ESPEJO,CALLE ACAPULCO  #8197,LO ESPEJO
16775,Fullcarga,CARMEN ARANEDA GOMEZ,ENRIQUE VERGARA PINTO  #3307,PUENTE ALTO
16849,Fullcarga,ALMACEN,CORDILLERA DE LOS ANDES  #0145,LA GRANJA
18136,Fullcarga,ROSITA - LA GRANJA,DIEZ PONIENTE  #8472,LA GRANJA
18892,Fullcarga,GABRIEL,INDEPENDENCIA  #1896,INDEPENDENCIA
19915,Fullcarga,SEBASTIAN,ALCALDE LUIS OSORIO  #744,PUENTE ALTO
20809,Fullcarga,SOR TERESA DE LOS ANDES,ALASKA  #1042,PUDAHUEL
22058,Fullcarga,JUANA HUENUN,BARTOLOME DIAZ  #563,SAN BERNARDO
25744,Fullcarga,MARIA ANGELICA - QUILICURA,MANUEL ANTONIO MATTA #245,QUILICURA
39346,Fullcarga,TERESA MICAELA ARAYA ARAYA,RIO MADEIRA  #1251,CONCHALI
42224,Fullcarga,LUCIA DE LOS ANGELES FUENTES GONZALEZ,LAGO ROSELOT #1221,PENALOLEN
56741,Fullcarga,BUSTAMANTE,PJE TORTEL  #758,ESTACION CENTRAL
57920,Fullcarga,EDGAR COSME PORTAL,SAN PABLO 5186 #5186,QUINTA NORMAL
59136,Fullcarga,LOS ROBLES LA PINTANA,EL ROBLE 13202,LA PINTANA
59139,Fullcarga,ANDREA SOLANGE,PASAJE CHACAO  #15202,SAN BERNARDO
59324,Fullcarga,ELENA MINCHAN AMBROSIO,LOMA LARGA  #854,LAS CONDES
59396,Fullcarga,KIOSKO LAS CARRETAS,LAS CARRETAS  #S/N,LA REINA
59853,Fullcarga,JUANITA,SALVADOR GUTIERREZ #8085,CERRO NAVIA